ASN, IP Addresses
10439,71.6.135.131,71.6.146.130,71.6.146.185,71.6.158.166,71.6.165.200,71.6.167.142,71.6.199.23
10620,186.82.84.28
1101,192.42.116.178,192.42.116.179,192.42.116.208,192.42.116.209,192.42.116.210,192.42.116.211,192.42.116.212,192.42.116.213,192.42.116.214,192.42.116.215,192.42.116.216,192.42.116.218,192.42.116.219
11417 <Northern Illinois University>,131.156.156.12,131.156.156.126,131.156.156.127,131.156.156.134
11878,198.44.128.116,198.44.128.153,198.44.128.185,198.44.128.217,198.44.136.217,198.44.138.121,198.44.140.153,198.44.140.173,198.54.130.39,198.54.131.121,198.54.131.58,198.54.131.76,198.54.132.121,198.54.132.143,198.54.132.153,198.54.132.37,198.54.132.55,198.54.132.56,198.54.132.58,198.54.132.76,198.54.132.84,198.54.132.87,198.54.132.90,198.54.134.153,198.54.134.185,198.54.134.44,198.54.135.121,198.54.135.153,198.54.135.204,198.54.135.57,198.54.135.89,23.234.100.155,23.234.102.155,23.234.115.29,23.234.117.29,23.234.118.29,23.234.76.153,23.234.79.28,23.234.84.28,23.234.84.70,23.234.86.197,23.234.86.70,23.234.87.28,23.234.87.70,23.234.90.71,23.234.92.252,23.234.93.155,23.234.95.252,68.235.43.143,68.235.43.185,68.235.44.111,68.235.44.25,68.235.44.254,68.235.44.89,68.235.46.101,68.235.46.111,68.235.46.142,68.235.46.173,68.235.46.39,68.235.46.49,68.235.46.70
12322,78.196.10.191,91.160.7.8
12555,45.135.95.25,81.29.140.28
12586,77.90.47.187
12741,78.8.102.99
12876,151.115.75.240,163.172.156.159,163.172.166.21,163.172.173.107,195.154.199.60,195.154.84.90,51.15.2.150,51.15.34.47,51.15.40.22,51.15.58.25,51.158.160.67,51.158.167.216,51.158.174.200,51.158.174.68,51.158.177.237,51.158.253.90,51.158.77.87,62.210.131.130
12989,185.142.236.34,185.142.236.35,185.142.236.36,86.54.31.38,86.54.31.40
13213,206.217.205.36,208.131.130.11,208.131.130.26,69.4.234.27
132203,43.157.63.14
13335,104.28.163.222,104.28.196.152,104.28.196.153,104.28.196.198,104.28.196.199,104.28.228.152,104.28.228.153
135377,101.36.108.134,101.36.127.85,118.193.47.212,118.193.56.246,118.194.250.113,118.194.250.232,118.194.251.128,128.14.230.160,152.32.128.85,152.32.150.7,152.32.159.79,152.32.164.115,152.32.169.36,152.32.183.240,152.32.207.179,152.32.207.88,152.32.212.149,152.32.216.168,152.32.235.206,165.154.118.9,165.154.119.27,165.154.129.43,165.154.135.215,165.154.182.154,165.154.182.182,165.154.36.107,165.154.41.182
136197,144.7.108.132
136557,103.108.229.104,103.108.229.56,103.108.229.76,103.108.231.60,103.108.231.68,103.108.231.72,103.214.20.57,103.216.220.24,103.216.220.25,103.216.220.40,103.216.220.41
140061,220.167.232.206,220.167.232.34
14061 <DigitalOcean LLC>,152.42.248.199,161.35.73.75,164.90.159.75,165.22.38.36,188.166.254.9,209.38.102.131,209.38.166.182,2604:a880:cad:d0:0:0:bcea:a001,46.101.233.169,64.227.15.58,64.23.185.106
142403,103.100.208.149
14593,98.97.33.28,98.97.34.9,98.97.35.104,98.97.36.175,98.97.36.200,98.97.38.101,98.97.38.189,98.97.42.189,98.97.43.140,98.97.43.32,98.97.45.189
14618,52.90.44.197,54.146.226.82
15557,93.0.225.136
15704,85.235.71.200
16276,135.125.134.128,135.125.134.238,135.125.135.165,139.99.35.40,149.56.130.61,15.204.47.3,15.235.189.151,15.235.189.152,158.69.102.22,158.69.102.9,192.99.92.175,37.187.228.10,51.254.129.128,51.81.155.131,51.81.155.132,51.81.208.11,51.81.81.46,54.36.120.8,54.36.190.245,80.87.206.171
16509 <A100 ROW GmbH [AWS]>,18.156.176.47,18.157.161.172,18.157.183.26,18.157.184.164,18.159.141.159,18.159.141.220,18.159.149.94,18.159.212.68,18.159.41.80,18.184.167.22,18.184.184.28,18.184.72.103,18.184.74.132,18.185.112.228,18.185.157.246,18.185.249.57,18.185.90.169,18.185.91.96,18.192.115.249,18.192.182.117,18.192.183.135,18.192.207.40,18.192.245.136,18.192.26.207,18.192.3.57,18.192.99.177,18.193.102.253,18.194.105.11,18.194.166.98,18.194.88.211,18.195.205.234,18.195.226.241,18.195.246.211,18.195.51.128,18.195.52.1,18.196.124.198,18.196.201.207,18.197.129.209,18.197.156.59,18.197.188.102,18.197.19.213,18.197.202.75,18.197.32.184,18.197.57.235,18.198.203.111,18.198.51.79,18.228.5.142,3.120.129.214,3.120.138.142,3.120.185.106,3.120.185.173,3.120.237.178,3.121.112.71,3.121.186.253,3.121.201.87,3.121.213.197,3.121.232.201,3.122.104.124,3.122.228.39,3.122.229.162,3.123.36.133,3.124.12.215,3.124.186.96,3.125.113.187,3.126.130.140,3.126.245.220,3.127.137.227,3.127.23.189,3.127.232.83,3.127.255.59,3.127.69.51,3.130.96.91,3.132.23.201,3.134.148.59,3.143.33.63,3.149.59.26,3.64.56.204,3.65.28.148,3.65.40.52,3.66.165.72,3.66.225.167,3.67.132.180,3.67.136.185,3.67.171.206,3.67.225.231,3.68.109.86,3.68.191.66,3.68.215.138,3.68.30.235,3.68.64.211,3.68.66.108,3.69.44.118,3.70.135.157,3.70.178.233,3.70.29.176,3.70.5.112,3.70.97.120,3.71.11.180,3.71.23.169,3.71.28.60,3.71.30.229,3.71.95.175,3.72.10.30,3.72.16.208,3.72.249.244,3.72.37.125,3.73.118.55,3.73.123.195,3.73.138.181,3.73.43.66,3.73.52.141,3.73.79.76,3.73.85.143,3.74.151.164,3.75.131.207,3.75.175.159,3.75.175.17,3.75.180.11,3.75.209.16,3.75.227.3,3.75.232.155,3.75.244.50,3.75.97.25,3.76.188.28,3.76.190.147,3.76.200.107,3.76.201.235,3.76.219.66,3.76.31.92,3.77.148.200,3.77.149.73,3.77.238.21,3.77.44.0,3.78.188.131,35.156.112.154,35.156.133.181,35.158.180.209,35.158.201.53,35.159.12.56,35.159.38.224,44.226.122.3,52.29.138.215,52.57.73.164,52.58.124.228,52.58.177.87,52.58.74.240,52.59.144.135,52.59.221.163,52.59.249.122,54.93.105.123,54.93.121.216,54.93.122.111,54.93.146.236,54.93.162.38,54.93.217.48,54.93.39.30
174 <Cogent Communications, Shodan LLC, BlackHOST Ltd., Cyber Assets Fzco, New Itime AG>,102.129.152.14,154.42.7.39,185.165.191.26,185.165.191.27,191.101.217.28,191.101.31.23,191.101.31.45,191.101.31.64,191.101.61.69,191.101.61.84,191.96.227.30,195.144.21.56,2.59.22.234,207.90.244.11,207.90.244.12,207.90.244.14,207.90.244.2,207.90.244.3,207.90.244.4,207.90.244.6,45.133.172.19
17488,125.99.46.49
17638,123.150.138.197
18403,118.70.144.77
197540,152.53.100.93,152.53.179.145,5.252.226.188
197854,45.130.200.103,45.130.200.119
198610,212.67.11.26
200019,146.19.213.177,176.123.2.131,185.113.8.196,84.54.51.121,84.54.51.253,85.239.34.65
20115,24.107.134.242,97.87.116.251
201814,95.214.55.23
202425 <Al Spera, FiberXpress BV>,185.242.226.52,185.242.226.84,80.82.77.139,80.82.77.33,89.248.167.131,89.248.172.16,93.174.95.106,94.102.49.193
203020,103.102.247.71,103.251.26.198,103.251.27.71,103.81.230.155,104.36.50.19,185.188.61.240,185.92.210.210,193.19.207.229,193.19.207.240,43.225.189.153,43.225.189.173,43.225.189.183
204035,185.107.194.157
204457,94.103.124.169
20473,66.63.167.124,66.63.167.243,70.34.205.243,95.179.210.230
205100,185.220.100.253
207990,185.141.119.155
209043,45.149.165.53
209101,94.154.172.126,94.154.172.51
20960,94.40.228.180
210644,138.124.58.85,150.241.98.45,176.124.204.168,62.60.247.100,77.221.138.182,91.92.43.1
211298 <Constantine Cybersecurity Ltd.>,185.247.137.11,185.247.137.122,185.247.137.141,185.247.137.15,185.247.137.178,185.247.137.182,185.247.137.184,185.247.137.196,185.247.137.218,185.247.137.219,185.247.137.36,185.247.137.99,2a06:4880:3000:0:0:0:0:3c,2a06:4880:7000:0:0:0:0:7a,2a06:4880:7000:0:0:0:0:81,2a06:4880:7000:0:0:0:0:91,2a06:4880:b000:0:0:0:0:d6,2a06:4880:d000:0:0:0:0:eb,2a06:4882:1000:0:0:0:0:18,2a06:4882:3000:0:0:0:0:26,2a06:4882:3000:0:0:0:0:3c,2a06:4882:5000:0:0:0:0:53,2a06:4882:5000:0:0:0:0:57,2a06:4882:5000:0:0:0:0:62,2a06:4882:7000:0:0:0:0:85,2a06:4882:b000:0:0:0:0:c3,2a06:4882:d000:0:0:0:0:ee,2a06:4882:d000:0:0:0:0:f5,2a06:4883:1000:0:0:0:0:7,2a06:4883:3000:0:0:0:0:3e,2a06:4883:5000:0:0:0:0:5a,2a06:4883:7000:0:0:0:0:83,2a06:4883:b000:0:0:0:0:bd,2a06:4883:b000:0:0:0:0:c1,2a06:4883:b000:0:0:0:0:ce,2a06:4883:d000:0:0:0:0:eb,87.236.176.118,87.236.176.120,87.236.176.123,87.236.176.139,87.236.176.142,87.236.176.143,87.236.176.155,87.236.176.161,87.236.176.174,87.236.176.206,87.236.176.210,87.236.176.224,87.236.176.232,87.236.176.24,87.236.176.246,87.236.176.248,87.236.176.25,87.236.176.35,87.236.176.38,87.236.176.4,87.236.176.46,87.236.176.54,87.236.176.57,87.236.176.66,87.236.176.7,87.236.176.73,87.236.176.84,87.236.176.93,87.236.176.97
211680,45.156.128.56,45.156.128.57,45.156.128.77,45.156.128.78,45.156.128.85,45.156.128.96,45.156.128.99,45.156.129.66,45.156.129.67,45.156.129.72,45.156.130.10,45.156.130.13,45.156.130.16,45.156.130.20,45.156.130.33
212238,138.199.10.14,138.199.18.150,138.199.21.232,138.199.21.233,138.199.21.236,138.199.21.246,138.199.21.249,138.199.34.140,138.199.34.149,138.199.43.103,138.199.6.196,138.199.6.201,138.199.6.204,138.199.6.209,138.199.6.213,138.199.6.214,138.199.6.227,138.199.6.243,138.199.60.25,138.199.60.34,138.199.60.35,138.199.60.9,149.102.240.76,149.102.240.89,149.102.246.43,149.22.81.209,149.22.91.68,149.22.91.86,149.40.50.100,149.40.50.122,149.88.20.195,149.88.20.200,149.88.20.208,149.88.20.213,149.88.20.216,149.88.22.165,154.47.29.21,156.146.63.144,156.146.63.150,156.146.63.160,156.146.63.199,156.146.63.209,169.150.196.21,169.150.196.25,169.150.196.30,169.150.196.32,169.150.196.35,169.150.196.38,169.150.196.4,169.150.196.8,169.150.196.9,169.150.198.89,169.150.201.12,169.150.201.21,169.150.201.30,169.150.201.38,169.150.201.4,169.150.201.8,170.62.100.139,170.62.100.152,178.249.209.168,178.249.209.172,178.249.209.185,178.249.211.102,178.249.211.68,178.249.211.72,178.249.211.73,178.249.211.76,178.249.211.81,178.249.211.85,178.249.211.86,178.249.211.89,178.249.211.94,178.249.211.99,178.249.214.17,178.249.214.198,178.249.214.204,178.249.214.211,178.249.214.215,178.249.214.216,178.249.214.25,178.249.214.9,185.156.46.153,185.156.46.166,185.156.46.174,37.19.210.11,37.19.210.20,37.19.210.24,37.19.210.7,37.19.221.140,37.19.221.153,37.19.221.16,37.19.221.162,37.19.221.175,37.19.221.179,45.134.140.136,45.134.140.174,45.134.142.199,45.134.142.203,45.134.142.208,45.134.142.212,45.134.142.216,45.134.142.226,45.134.213.196,45.134.213.201,45.134.213.209,62.93.167.135,62.93.167.146,62.93.167.165,84.239.16.162,84.239.27.139,84.239.28.135,84.239.31.13,84.239.31.2,84.239.33.137,84.239.47.136,87.249.134.11,89.37.63.162,89.37.63.21,89.37.63.223,95.173.222.18,95.173.222.46
212317,5.78.115.200
212512,45.82.78.254
213277,94.46.24.54
213412,195.184.76.122,195.184.76.127,195.184.76.175,91.196.152.209,91.196.152.220
213619,193.29.181.28
213887,193.233.134.155
214503,45.84.107.17,45.84.107.172,45.84.107.222,45.84.107.55,45.84.107.74
214640,95.141.241.193
214943,66.63.187.36,66.63.187.97,77.90.153.227
215292,193.25.217.28
215730,87.120.126.53
216246,217.144.184.3
21859 <Zenlayer Inc>,107.151.187.202,128.14.188.99,185.180.141.13,185.180.141.3,185.180.141.40,185.180.141.53,185.226.197.37,193.118.55.179,23.90.165.37,45.43.33.210
22047,191.119.57.63,201.241.38.31
23470,209.222.98.157
23959,194.114.136.109,194.114.136.111,194.114.136.38,194.114.136.49,194.114.136.69,194.114.136.78,194.114.136.90
24940,135.181.149.138,138.201.127.145,167.235.152.79,195.201.95.90,49.12.46.85
24961,89.163.153.18
264556,168.227.88.39
265091,170.233.250.30
27650,190.5.196.213,190.5.196.217,190.5.196.220,190.5.196.226,190.5.196.90
27747,181.46.9.231
27901,190.114.46.121
27947,157.100.65.25
27951,190.121.128.36
29119,5.154.89.189
29194,176.52.53.44
30893,195.47.238.87
31898,129.151.175.60,129.158.58.137,132.145.34.181,132.145.71.44,81.208.173.73
32002,185.165.44.111,185.165.44.155,185.165.44.156,185.165.44.158,185.165.44.167,185.165.44.22,185.165.44.33,185.165.44.5,185.165.44.8
3215 <Orange S. A.>,82.126.238.56,86.214.219.189,90.29.84.5
3269,87.16.236.67
3320,79.209.173.14,79.220.214.17
33363,97.69.167.27
3462,1.171.52.20
34977,86.106.2.222
34989,217.170.194.58
35916,156.229.232.142,156.229.233.207,156.229.233.212,156.229.233.213,156.229.233.237,156.229.233.97
36103 <Centracom Interactive>,205.197.214.201
36352,172.245.112.199
37069,45.97.147.247
39351,141.98.252.143,141.98.252.147,141.98.252.148,141.98.252.153,141.98.252.157,141.98.252.158,141.98.252.173,141.98.252.178,141.98.254.139,141.98.254.141,141.98.254.151,141.98.254.154,141.98.254.157,141.98.254.173,141.98.254.186,141.98.254.189,141.98.255.143,141.98.255.144,141.98.255.145,141.98.255.146,141.98.255.147,141.98.255.148,141.98.255.149,141.98.255.150,141.98.255.151,141.98.255.152,141.98.255.153,185.195.232.132,185.195.232.142,185.195.232.146,185.195.232.166,185.195.232.172,185.195.232.248,185.195.232.250,185.195.232.251,185.195.233.151,185.195.233.194,185.195.233.202,185.195.233.207,185.195.233.229,185.195.233.237,185.209.196.132,185.209.196.140,185.209.196.203,185.209.198.110,185.209.198.170,185.209.198.200,185.209.199.144,185.213.154.144,185.213.154.145,185.213.154.146,185.213.154.148,185.213.154.149,185.213.154.150,185.213.154.153,185.213.154.154,185.213.154.210,185.213.155.133,185.213.155.136,185.213.155.137,185.213.155.138,185.213.155.143,185.213.155.145,185.213.155.146,185.213.155.147,185.213.155.153,185.213.155.158,185.213.155.163,185.213.155.165,185.213.155.166,185.213.155.167,185.213.155.173,185.213.155.177,185.213.155.190,185.213.155.202,185.65.134.135,185.65.134.137,185.65.134.138,185.65.134.139,185.65.134.140,185.65.134.141,185.65.134.147,185.65.134.150,185.65.134.151,185.65.134.152,185.65.134.153,185.65.134.158,185.65.134.159,185.65.134.162,185.65.134.163,185.65.134.164,185.65.134.170,185.65.134.171,185.65.134.174,185.65.134.175,185.65.134.176,185.65.134.177,185.65.134.183,185.65.134.186,185.65.134.187,185.65.134.188,185.65.134.189,185.65.134.224,185.65.134.237,185.65.134.243,185.65.135.138,185.65.135.139,185.65.135.140,185.65.135.157,185.65.135.160,185.65.135.161,185.65.135.162,185.65.135.168,185.65.135.171,185.65.135.173,185.65.135.176,193.138.218.160,193.138.218.161,193.138.218.162,193.138.218.200,193.138.218.217,193.32.126.134,193.32.126.137,193.32.126.138,193.32.126.139,193.32.126.144,193.32.126.148,193.32.126.149,193.32.126.154,193.32.126.156,193.32.126.158,193.32.126.159,193.32.126.230,193.32.126.232,193.32.126.236,193.32.126.238,193.32.127.138,193.32.127.141,193.32.127.142,193.32.127.143,193.32.127.144,193.32.127.154,193.32.127.156,193.32.127.157,193.32.127.158,193.32.127.159,193.32.127.237,193.32.248.148,193.32.248.161,193.32.248.200,193.32.248.211,193.32.248.215,193.32.248.216,193.32.248.217,193.32.248.224,193.32.248.230,193.32.249.159,193.32.249.171,193.32.249.218,45.83.220.185,45.83.220.203,45.83.220.211
394256,104.193.135.122,104.193.135.154,104.193.135.173,104.193.135.186
39486,45.134.79.112
39493,5.42.101.164
396982 <Palo Alto Networks Inc>,104.234.115.128,104.234.115.91,147.185.132.102,147.185.132.106,147.185.132.12,147.185.132.120,147.185.132.123,147.185.132.153,147.185.132.168,147.185.132.171,147.185.132.180,147.185.132.19,147.185.132.204,147.185.132.207,147.185.132.216,147.185.132.22,147.185.132.234,147.185.132.246,147.185.132.28,147.185.132.33,147.185.132.36,147.185.132.39,147.185.132.51,147.185.132.54,147.185.132.55,147.185.132.60,147.185.132.61,147.185.132.64,147.185.132.67,147.185.132.75,147.185.132.9,147.185.132.94,147.185.132.97,198.235.24.101,198.235.24.109,198.235.24.110,198.235.24.114,198.235.24.124,198.235.24.131,198.235.24.143,198.235.24.15,198.235.24.151,198.235.24.155,198.235.24.159,198.235.24.163,198.235.24.184,198.235.24.195,198.235.24.197,198.235.24.203,198.235.24.205,198.235.24.213,198.235.24.219,198.235.24.221,198.235.24.224,198.235.24.231,198.235.24.234,198.235.24.237,198.235.24.241,198.235.24.243,198.235.24.246,198.235.24.248,198.235.24.252,198.235.24.26,198.235.24.28,198.235.24.37,198.235.24.38,198.235.24.45,198.235.24.48,198.235.24.51,198.235.24.53,198.235.24.54,198.235.24.65,198.235.24.66,198.235.24.74,198.235.24.79,198.235.24.88,198.235.24.89,198.235.24.92,198.235.24.93,198.235.24.94,205.210.31.100,205.210.31.104,205.210.31.105,205.210.31.108,205.210.31.111,205.210.31.137,205.210.31.145,205.210.31.168,205.210.31.171,205.210.31.172,205.210.31.174,205.210.31.196,205.210.31.198,205.210.31.199,205.210.31.206,205.210.31.207,205.210.31.210,205.210.31.226,205.210.31.231,205.210.31.248,205.210.31.25,205.210.31.27,205.210.31.28,205.210.31.38,205.210.31.46,205.210.31.47,205.210.31.48,205.210.31.59,205.210.31.65,205.210.31.78,205.210.31.79,205.210.31.85,205.210.31.93,205.210.31.94,205.210.31.97,205.210.31.98,34.145.97.117,34.169.111.159,34.34.246.30,34.34.246.31,34.34.246.54,34.34.246.63,34.34.246.79,34.34.246.87
398324 <Censys Inc.>,162.142.125.114,162.142.125.115,162.142.125.116,162.142.125.117,162.142.125.118,162.142.125.120,162.142.125.121,162.142.125.122,162.142.125.123,162.142.125.124,162.142.125.125,162.142.125.126,162.142.125.192,162.142.125.193,162.142.125.195,162.142.125.196,162.142.125.197,162.142.125.199,162.142.125.200,162.142.125.201,162.142.125.202,162.142.125.203,162.142.125.204,162.142.125.205,162.142.125.206,162.142.125.207,162.142.125.208,162.142.125.209,162.142.125.210,162.142.125.211,162.142.125.212,162.142.125.213,162.142.125.214,162.142.125.215,162.142.125.216,162.142.125.217,162.142.125.219,162.142.125.220,162.142.125.221,162.142.125.222,162.142.125.223,162.142.125.32,162.142.125.33,162.142.125.34,162.142.125.35,162.142.125.37,162.142.125.38,162.142.125.42,162.142.125.44,162.142.125.46,162.142.125.47,167.94.138.112,167.94.138.113,167.94.138.114,167.94.138.115,167.94.138.116,167.94.138.117,167.94.138.118,167.94.138.119,167.94.138.120,167.94.138.121,167.94.138.122,167.94.138.123,167.94.138.124,167.94.138.127,167.94.138.160,167.94.138.161,167.94.138.162,167.94.138.163,167.94.138.164,167.94.138.167,167.94.138.168,167.94.138.171,167.94.138.172,167.94.138.173,167.94.138.174,167.94.138.175,167.94.138.176,167.94.138.181,167.94.138.182,167.94.138.183,167.94.138.184,167.94.138.188,167.94.138.189,167.94.138.190,167.94.138.192,167.94.138.197,167.94.138.198,167.94.138.199,167.94.138.200,167.94.138.202,167.94.138.203,167.94.138.204,167.94.138.32,167.94.138.33,167.94.138.34,167.94.138.35,167.94.138.36,167.94.138.37,167.94.138.38,167.94.138.39,167.94.138.41,167.94.138.43,167.94.138.44,167.94.138.45,167.94.138.46,167.94.138.47,167.94.138.48,167.94.138.49,167.94.138.50,167.94.138.52,167.94.138.54,167.94.138.55,167.94.138.56,167.94.138.57,167.94.138.59,167.94.138.60,167.94.138.61,167.94.138.62,167.94.138.63,206.168.34.112,206.168.34.113,206.168.34.115,206.168.34.116,206.168.34.118,206.168.34.119,206.168.34.120,206.168.34.121,206.168.34.122,206.168.34.124,206.168.34.125,206.168.34.126,206.168.34.194,206.168.34.196,206.168.34.197,206.168.34.198,206.168.34.199,206.168.34.200,206.168.34.202,206.168.34.203,206.168.34.205,206.168.34.208,206.168.34.209,206.168.34.212,206.168.34.213,206.168.34.214,206.168.34.218,206.168.34.219,206.168.34.220,206.168.34.32,206.168.34.33,206.168.34.34,206.168.34.35,206.168.34.36,206.168.34.37,206.168.34.38,206.168.34.39,206.168.34.40,206.168.34.41,206.168.34.42,206.168.34.43,206.168.34.44,206.168.34.45,206.168.34.46,206.168.34.48,206.168.34.51,206.168.34.52,206.168.34.54,206.168.34.55,206.168.34.56,206.168.34.57,206.168.34.58,206.168.34.59,206.168.34.60,206.168.34.61,206.168.34.62,206.168.34.63,206.168.34.64,206.168.34.65,206.168.34.66,206.168.34.68,206.168.34.71,206.168.34.72,206.168.34.73,206.168.34.74,206.168.34.79,206.168.34.82,206.168.34.84,206.168.34.86,206.168.34.88,206.168.34.90,206.168.34.92,206.168.34.94
398705 <Censys Inc.>,167.94.145.100,167.94.145.101,167.94.145.102,167.94.145.103,167.94.145.104,167.94.145.105,167.94.145.106,167.94.145.108,167.94.145.109,167.94.145.110,167.94.145.111,167.94.145.96,167.94.145.97,167.94.145.98,167.94.145.99,167.94.146.48,167.94.146.49,167.94.146.50,167.94.146.51,167.94.146.52,167.94.146.53,167.94.146.54,167.94.146.55,167.94.146.56,167.94.146.57,167.94.146.58,167.94.146.59,167.94.146.60,167.94.146.61,167.94.146.62,167.94.146.63
398722 <Censys Inc.>,199.45.154.113,199.45.154.114,199.45.154.116,199.45.154.117,199.45.154.120,199.45.154.122,199.45.154.123,199.45.154.125,199.45.154.127,199.45.154.128,199.45.154.129,199.45.154.130,199.45.154.132,199.45.154.134,199.45.154.135,199.45.154.137,199.45.154.138,199.45.154.139,199.45.154.140,199.45.154.143,199.45.154.145,199.45.154.147,199.45.154.148,199.45.154.149,199.45.154.150,199.45.154.151,199.45.154.153,199.45.154.154,199.45.154.155,199.45.154.156,199.45.154.159,199.45.155.100,199.45.155.101,199.45.155.102,199.45.155.104,199.45.155.108,199.45.155.110,199.45.155.66,199.45.155.67,199.45.155.70,199.45.155.73,199.45.155.74,199.45.155.77,199.45.155.78,199.45.155.82,199.45.155.83,199.45.155.84,199.45.155.85,199.45.155.87,199.45.155.94,199.45.155.95,199.45.155.98,199.45.155.99
399486,194.59.30.181
399629,72.5.43.62
399979,45.139.104.140,45.139.104.5
400161 <Academy for Internet Research Limited Liability Company>,104.156.155.30,104.156.155.31,104.156.155.35
40021,194.238.24.185
400882,23.162.40.29,23.162.40.62,23.162.40.78
401116,196.251.112.35
41019,45.84.185.102
4134,111.227.78.3,116.10.202.60,118.114.19.190,125.82.242.6,183.160.194.79,183.160.195.142,183.57.179.135,220.186.210.3,240e:204:4:6:0:0:0:4,240e:52:4804:6:0:0:0:2,240e:ff:c008:6:1:0:0:100,59.49.9.130,59.52.101.13,61.142.44.132
42132,91.143.44.36
42708,188.126.94.91
43205,91.139.255.24
43357,103.136.147.11,103.136.147.116,103.136.147.157,103.136.147.183,103.136.147.71,103.136.147.92,103.136.147.96,185.248.85.11,185.248.85.15,185.248.85.25,185.248.85.45,185.248.85.5,185.248.85.60,185.254.75.31,185.254.75.34,185.254.75.39,185.254.75.42,185.254.75.45,185.254.75.53,194.36.25.10,194.36.25.15,194.36.25.25,194.36.25.30,194.36.25.45,194.36.25.55,194.36.25.56,92.60.40.196,92.60.40.201,92.60.40.202,92.60.40.206,92.60.40.211,92.60.40.221
43513,31.170.22.22,31.170.22.28
44477,185.242.87.109,94.131.100.102,95.164.113.194,95.164.45.87
44592,45.142.182.94
45102,47.236.11.12,47.236.227.3,47.236.233.60,47.236.241.13,47.236.36.232,47.236.41.40,47.237.100.171,47.237.114.65,47.237.116.120,47.237.117.59,47.237.128.114,47.237.139.249,47.237.18.182,47.237.20.205,47.237.23.155,47.237.27.128,47.237.27.240,47.237.76.210,47.237.96.74,47.245.93.123,47.250.129.174,47.250.142.77,47.250.80.95,47.250.81.157,47.250.81.196,47.251.72.122,47.251.80.254,47.251.84.165,47.251.92.120,47.251.92.46,47.251.93.102,47.254.215.105,47.74.35.75,47.74.57.83,47.84.76.155,47.84.80.112,47.84.83.213,8.209.254.191,8.211.43.53,8.211.51.34,8.211.52.80,8.219.153.199,8.219.163.225,8.219.163.231,8.219.169.244,8.219.235.163,8.219.59.181,8.219.61.167,8.219.85.140,8.221.138.213,8.221.140.212,8.221.141.128,8.222.136.116
45820,111.93.58.18
4766,112.171.19.96,115.4.112.11,115.4.98.136,119.214.34.93,175.235.126.90,210.90.153.55,211.219.174.38,61.75.78.40
48014,80.76.51.38
4808,106.75.11.60,106.75.31.125,106.75.5.247,106.75.65.201
48090,45.148.10.134
4812,61.129.155.206
48721,194.165.16.163,194.165.16.164
48753,217.156.122.21
49532,50.3.85.66
49870,45.95.147.247
50053,45.128.232.101,45.128.232.184,45.128.232.206
50304,176.125.235.105,176.125.235.115,176.125.235.95,178.255.149.130,178.255.149.134,178.255.149.152,193.138.7.140,193.138.7.147,193.138.7.160,193.138.7.167,193.138.7.200,193.138.7.207,193.138.7.224,193.138.7.232,193.138.7.233,193.138.7.243,193.138.7.250,193.138.7.252,194.127.199.103,194.127.199.124,194.127.199.137,194.127.199.139,194.127.199.155,194.127.199.170,194.127.199.35,194.127.199.77,194.127.199.96,91.90.44.21,91.90.44.22,91.90.44.23,91.90.44.24
5089,82.9.39.207
51167,109.123.240.84,149.102.143.151,156.67.82.66,158.220.103.28,158.220.118.114,161.97.160.103,164.68.124.86,167.86.112.111,167.86.121.64,173.212.248.30,5.189.151.17,62.171.145.17,84.247.163.158,95.111.227.12
51247,45.87.107.55
51396,176.65.148.136,176.65.148.158,176.65.148.174,176.65.148.200,176.65.148.216,176.65.148.220,176.65.148.234,176.65.148.244,176.65.148.4,176.65.149.137,176.65.149.193,176.65.149.246,176.65.149.48,204.76.203.27,45.135.194.24,45.135.194.65,45.135.194.8
51430,37.46.113.164
51765,185.204.1.181,185.204.1.182,185.204.1.183,185.204.1.184,185.204.1.185,185.204.1.186,185.212.149.204,185.212.149.207,185.77.218.3,185.77.218.9
51852,179.43.189.70,179.43.189.80,46.19.136.249,46.19.140.204,46.19.140.212,46.19.140.215,46.19.140.218,81.17.16.76,81.17.16.84,81.17.16.87,81.17.16.90
53667,199.195.253.124
5413,195.224.225.242
54801,154.213.184.72,154.213.185.46,154.213.187.114,154.213.187.121,154.213.187.131,154.213.187.184,154.213.187.231,154.213.187.4,154.213.187.63,154.213.187.7
56046,223.113.128.143
56322,217.28.130.85
5650,47.156.1.77
56655,194.32.107.127
57043 <Snowd Security Ou, InterLIR Marketplace>,195.226.194.14
57269,79.117.11.138
58461 <ChinaNet Zhejiang Province Network [Contains Known Abusive IPs]>,115.231.78.14,115.231.78.3
59711,185.253.118.69
60068,138.199.15.149,138.199.15.153,138.199.15.154,138.199.15.159,138.199.15.165,185.246.211.194,79.127.217.46
60223,23.176.184.152
60729,185.220.101.145,185.220.101.41
6147,190.43.75.39
6206,45.92.19.139
6233,142.147.89.202,142.147.89.222,142.147.89.224,142.147.89.232
62744,204.8.96.87
63949,139.144.52.241,172.104.152.224,172.104.4.17,172.105.207.193,172.233.11.88,172.234.237.248,173.255.230.179,198.74.54.62,198.74.59.247,2a01:7e01:0:0:f03c:92ff:fea9:a7d3,45.56.101.69
64289,45.90.185.102,45.90.185.113,45.90.185.117
6730,84.227.238.107
6855,95.102.111.188
701 <Verizon Business>,173.61.72.115,71.114.148.150
7765,199.58.83.10,199.58.83.12
7922,73.151.236.150
8048,190.204.27.80,190.77.47.70
8075 <[Microsoft Azure Cloud]>,104.209.34.200,104.209.35.171,104.209.35.238,104.209.35.240,104.209.35.51,104.209.42.4,104.40.73.132,104.40.74.240,104.40.75.109,104.40.75.118,104.40.75.140,104.40.75.178,104.40.75.39,104.40.75.97,13.64.107.143,13.64.108.135,13.64.108.189,13.64.108.46,13.64.109.6,13.64.111.114,13.64.111.117,13.64.111.31,13.64.192.122,13.64.193.54,13.64.193.97,13.64.195.64,13.64.196.206,13.64.212.245,13.71.3.97,13.83.41.252,13.83.42.216,13.83.43.70,13.83.43.77,13.83.47.60,13.87.128.32,13.89.124.209,13.89.125.20,13.89.125.224,13.89.125.253,13.89.125.26,13.89.125.31,13.91.166.38,13.91.180.106,13.91.181.242,132.196.40.87,135.119.16.61,135.119.90.134,135.233.96.133,135.233.96.197,135.237.125.109,135.237.125.174,135.237.126.127,135.237.126.148,135.237.126.149,135.237.126.209,135.237.126.219,135.237.126.47,135.237.127.87,172.168.40.187,172.168.40.208,172.168.40.224,172.168.40.233,172.168.40.239,172.168.40.83,172.168.41.105,172.168.41.125,172.168.41.205,172.168.41.223,172.168.41.225,172.168.41.26,172.168.41.3,172.168.41.40,172.168.41.85,172.169.1.184,172.169.1.85,172.169.190.143,172.169.190.75,172.169.191.217,172.169.2.144,172.169.2.172,172.169.2.65,172.169.2.80,172.169.205.252,172.169.206.122,172.169.206.224,172.169.207.233,172.169.207.62,172.169.207.7,172.169.3.147,172.169.4.201,172.169.4.28,172.169.5.14,172.169.5.152,172.169.5.17,172.169.5.242,172.169.5.249,172.169.6.153,172.169.6.168,172.169.6.28,172.169.6.37,172.169.6.6,172.171.245.189,172.171.245.204,172.171.245.225,172.172.245.218,172.172.245.92,172.178.83.199,172.202.117.171,172.202.117.179,172.202.118.22,172.202.118.23,172.202.177.113,172.202.177.134,172.202.177.197,172.202.177.22,172.202.177.71,172.202.177.91,172.202.243.114,172.202.246.89,172.203.233.227,172.203.233.77,172.203.245.156,172.206.138.225,172.206.138.255,172.206.141.109,172.206.141.237,172.206.142.100,172.206.142.111,172.206.142.235,172.206.142.34,172.206.143.17,172.206.143.239,172.206.143.73,172.206.146.132,172.212.103.109,172.212.103.44,172.212.103.82,172.212.200.195,172.212.202.210,172.212.58.126,172.212.58.151,172.212.59.22,172.212.59.246,172.212.59.78,172.212.60.124,172.212.60.200,172.212.60.210,172.212.60.5,172.212.61.116,172.212.61.58,20.102.88.126,20.118.32.39,20.118.64.67,20.118.68.128,20.118.68.250,20.118.68.251,20.118.69.182,20.118.69.83,20.118.69.90,20.118.69.96,20.12.240.188,20.121.46.26,20.127.244.67,20.14.73.1,20.14.74.80,20.14.75.2,20.14.79.82,20.14.83.88,20.14.93.239,20.15.201.255,20.15.201.69,20.15.225.33,20.150.199.91,20.150.201.53,20.150.202.69,20.150.202.70,20.150.203.173,20.150.203.203,20.150.206.76,20.150.207.69,20.163.1.17,20.163.13.114,20.163.14.51,20.163.15.172,20.163.15.177,20.163.15.19,20.163.30.209,20.163.34.47,20.163.6.253,20.163.60.170,20.163.60.199,20.168.107.40,20.168.113.228,20.169.105.0,20.169.105.51,20.169.105.57,20.169.49.41,20.169.49.44,20.171.25.169,20.171.25.191,20.171.25.31,20.171.26.154,20.171.28.177,20.171.28.232,20.171.30.45,20.171.8.1,20.171.9.56,20.192.21.51,20.221.57.77,20.221.65.235,20.221.67.144,20.221.72.115,20.225.1.106,20.225.3.171,20.225.3.205,20.29.10.178,20.29.19.60,20.29.34.99,20.29.35.243,20.29.36.117,20.29.36.16,20.29.36.54,20.38.33.1,20.40.250.17,20.46.235.162,20.51.234.233,20.55.24.39,20.55.35.128,20.55.36.63,20.55.42.210,20.55.88.105,20.64.97.136,20.65.192.171,20.65.192.214,20.65.192.66,20.65.193.109,20.65.193.113,20.65.193.148,20.65.193.170,20.65.193.188,20.65.193.189,20.65.193.191,20.65.193.198,20.65.193.205,20.65.193.225,20.65.193.244,20.65.193.34,20.65.193.67,20.65.193.78,20.65.193.94,20.65.194.105,20.65.194.116,20.65.194.120,20.65.194.129,20.65.194.133,20.65.194.164,20.65.194.174,20.65.194.176,20.65.194.42,20.65.194.46,20.65.194.56,20.65.194.73,20.65.194.96,20.65.194.99,20.65.195.105,20.65.195.109,20.65.195.112,20.65.195.26,20.65.195.32,20.65.195.49,20.65.195.59,20.80.88.197,20.83.27.168,20.83.27.50,20.83.27.89,20.83.61.223,20.84.145.61,20.84.145.84,20.98.141.131,20.98.142.74,4.151.226.185,4.151.228.179,4.151.228.58,4.151.229.102,4.151.229.197,4.151.229.209,4.151.230.182,4.151.33.202,4.151.37.147,4.151.37.156,4.151.37.161,4.151.37.255,4.151.38.0,4.151.38.102,4.151.38.172,4.151.38.210,4.156.21.101,4.156.21.114,4.156.21.158,4.156.21.164,4.156.21.177,4.156.21.186,4.156.21.37,4.156.21.66,4.156.240.139,4.180.183.242,4.236.187.59,4.236.189.64,4.236.191.16,4.240.39.192,4.246.231.236,4.255.100.143,4.255.100.154,4.255.100.155,4.255.100.177,4.255.100.243,4.255.101.233,4.255.101.27,4.255.101.32,4.255.101.86,4.255.98.203,4.255.99.81,40.112.186.230,40.118.131.32,40.118.210.19,40.118.210.74,40.118.214.131,40.118.214.175,40.118.214.20,40.118.214.5,40.119.40.156,40.119.43.133,40.124.114.161,40.124.116.246,40.67.161.175,40.76.117.18,40.83.128.23,40.83.135.138,40.83.135.153,40.86.176.117,48.217.211.100,48.217.211.234,48.217.211.95,48.217.212.213,48.217.212.222,48.217.212.6,48.217.86.251,51.8.217.167,51.8.217.57,51.8.217.72,51.8.219.195,51.8.222.211,51.8.223.148,51.8.223.192,51.8.223.201,51.8.223.222,51.8.223.76,51.8.223.96,51.8.231.189,52.146.88.130,52.160.67.129,52.180.136.150,52.180.137.14,52.180.157.167,52.183.224.109,52.183.224.68,52.186.170.77,52.189.75.157,52.189.75.209,52.189.75.230,52.189.76.11,52.189.76.14,52.189.76.2,52.189.76.43,52.226.158.167,52.228.152.126,52.228.152.131,52.228.152.86,52.228.153.102,52.228.153.110,52.228.153.93,52.228.153.99,52.228.154.166,52.228.154.177,52.228.154.190,52.228.154.62,52.228.154.87,52.230.157.45,57.151.49.237,57.151.68.21,57.151.70.223,57.151.71.152,57.151.71.95,57.152.56.114,57.152.56.121,57.152.56.133,57.152.56.138,57.152.56.145,57.152.56.146,57.152.56.220,57.152.56.31
834,181.214.167.40
8560 <IONOS SE, Fasthosts Internet Limited>,194.164.207.233,69.48.202.85,77.68.6.60
9009 <[VPN provider?]>,104.245.241.120,104.245.241.121,104.245.241.122,104.245.241.123,146.70.101.53,146.70.107.207,146.70.116.121,146.70.116.175,146.70.116.185,146.70.117.116,146.70.117.119,146.70.117.122,146.70.117.16,146.70.117.185,146.70.117.207,146.70.117.208,146.70.117.25,146.70.117.76,146.70.117.87,146.70.117.90,146.70.119.106,146.70.119.116,146.70.119.119,146.70.119.122,146.70.119.140,146.70.119.151,146.70.119.154,146.70.119.16,146.70.119.70,146.70.119.80,146.70.124.143,146.70.124.207,146.70.124.217,146.70.126.166,146.70.126.176,146.70.126.198,146.70.126.208,146.70.126.217,146.70.126.239,146.70.126.249,146.70.128.170,146.70.128.172,146.70.128.180,146.70.128.183,146.70.128.184,146.70.128.186,146.70.128.198,146.70.128.208,146.70.128.217,146.70.128.230,146.70.128.240,146.70.129.121,146.70.129.143,146.70.132.12,146.70.132.175,146.70.132.217,146.70.132.249,146.70.132.26,146.70.132.44,146.70.132.58,146.70.132.76,146.70.133.121,146.70.133.25,146.70.134.111,146.70.134.121,146.70.134.140,146.70.134.148,146.70.134.151,146.70.134.154,146.70.134.16,146.70.134.172,146.70.134.180,146.70.134.184,146.70.134.186,146.70.134.25,146.70.134.38,146.70.134.48,146.70.134.57,146.70.134.6,146.70.138.223,146.70.141.200,146.70.141.223,146.70.141.243,146.70.144.106,146.70.144.108,146.70.144.116,146.70.144.119,146.70.144.120,146.70.144.122,146.70.144.76,146.70.144.84,146.70.144.87,146.70.144.88,146.70.144.90,146.70.165.179,146.70.165.243,146.70.165.28,146.70.165.95,146.70.166.116,146.70.166.243,146.70.166.85,146.70.168.179,146.70.168.21,146.70.168.72,146.70.171.179,146.70.171.213,146.70.171.244,146.70.172.136,146.70.172.180,146.70.184.115,146.70.184.149,146.70.184.168,146.70.184.174,146.70.184.180,146.70.184.181,146.70.184.213,146.70.184.232,146.70.184.238,146.70.184.244,146.70.184.8,146.70.184.95,146.70.185.149,146.70.187.115,146.70.187.159,146.70.187.179,146.70.187.240,146.70.187.244,146.70.187.51,146.70.188.180,146.70.189.115,146.70.189.149,146.70.189.180,146.70.189.213,146.70.189.238,146.70.189.244,146.70.189.51,146.70.189.92,146.70.193.115,146.70.196.110,146.70.196.116,146.70.196.21,146.70.196.243,146.70.196.52,146.70.196.85,146.70.197.104,146.70.197.110,146.70.197.116,146.70.197.156,146.70.197.21,146.70.197.46,146.70.197.52,146.70.197.85,146.70.198.115,146.70.198.136,146.70.198.159,146.70.198.179,146.70.198.201,146.70.198.223,146.70.198.243,146.70.199.156,146.70.199.159,146.70.199.220,146.70.199.223,146.70.199.243,146.70.200.200,146.70.200.223,146.70.200.243,146.70.201.115,146.70.201.28,146.70.201.31,146.70.211.115,146.70.211.136,146.70.211.179,146.70.22.200,146.70.22.223,146.70.224.115,146.70.224.28,146.70.225.115,146.70.225.149,146.70.225.174,146.70.225.176,146.70.225.180,146.70.225.213,146.70.225.232,146.70.225.238,146.70.225.244,146.70.225.28,146.70.225.31,146.70.225.51,146.70.225.72,146.70.225.8,146.70.225.92,146.70.74.106,146.70.74.108,146.70.74.116,146.70.74.119,146.70.74.120,146.70.74.122,185.224.0.218,188.241.176.243,194.110.115.47,37.120.237.116,37.120.237.85,45.133.182.213,82.102.19.68,82.102.19.76,82.102.19.84,82.102.19.87,82.102.19.90,89.44.9.101,91.207.57.140,91.207.57.148,91.207.57.151,91.207.57.154
9123,94.241.142.205
9312,103.125.233.10,103.125.233.15,103.125.233.30
9500,118.92.109.105
9605,183.74.222.51
984,154.213.192.15,154.213.192.34,154.213.192.67,154.213.192.7,156.253.227.129,156.253.227.141,156.253.227.23,156.253.227.246,156.253.227.26
None,104.129.24.104,104.223.91.24,178.37.37.147,193.218.118.187,193.35.18.165,193.35.18.92,87.120.112.234